{"cameraMode":{"drawMode":0,"name":"Shaded","section":"Shading Mode"},"sceneLighting":true,"audioPlay":false,"sceneViewState":{"m_AlwaysRefresh":false,"showFog":true,"showSkybox":true,"showFlares":true,"showImageEffects":true,"showParticleSystems":true,"showVisualEffectGraphs":true,"m_FxEnabled":true},"in2DMode":false,"pivot":{"x":2.4504382610321047,"y":4.624298572540283,"z":13.468178749084473},"rotation":{"x":-0.1644359529018402,"y":0.014725987799465657,"z":-0.004472602624446154,"w":-0.9877235889434815},"size":5.55277681350708,"orthographic":false}