{"cameraMode":{"drawMode":0,"name":"Shaded","section":"Shading Mode"},"sceneLighting":true,"audioPlay":false,"sceneViewState":{"m_AlwaysRefresh":false,"showFog":true,"showSkybox":true,"showFlares":true,"showImageEffects":true,"showParticleSystems":true,"showVisualEffectGraphs":true,"m_FxEnabled":true},"in2DMode":false,"pivot":{"x":-2.3079633712768556,"y":0.2962460517883301,"z":20.678810119628908},"rotation":{"x":-0.21611495316028596,"y":-0.022780543193221093,"z":0.001951600075699389,"w":-0.9776143431663513},"size":6.674618244171143,"orthographic":false}