{"cameraMode":{"drawMode":0,"name":"Shaded","section":"Shading Mode"},"sceneLighting":true,"audioPlay":false,"sceneViewState":{"m_AlwaysRefresh":false,"showFog":true,"showSkybox":true,"showFlares":true,"showImageEffects":true,"showParticleSystems":true,"showVisualEffectGraphs":true,"m_FxEnabled":true},"in2DMode":false,"pivot":{"x":6.372807502746582,"y":5.439905166625977,"z":19.113754272460939},"rotation":{"x":0.08539782464504242,"y":0.06659725308418274,"z":-0.004383513703942299,"w":0.9953805804252625},"size":8.13571548461914,"orthographic":false}