{"cameraMode":{"drawMode":0,"name":"Shaded","section":"Shading Mode"},"sceneLighting":true,"audioPlay":false,"sceneViewState":{"m_AlwaysRefresh":false,"showFog":true,"showSkybox":true,"showFlares":true,"showImageEffects":true,"showParticleSystems":true,"showVisualEffectGraphs":true,"m_FxEnabled":true},"in2DMode":false,"pivot":{"x":18.040515899658204,"y":4.953127384185791,"z":15.483505249023438},"rotation":{"x":-0.047597505152225497,"y":-0.5270810723304749,"z":0.01722046360373497,"w":-0.8506025075912476},"size":11.080046653747559,"orthographic":false}