{"cameraMode":{"drawMode":0,"name":"Shaded","section":"Shading Mode"},"sceneLighting":true,"audioPlay":false,"sceneViewState":{"m_AlwaysRefresh":false,"showFog":true,"showSkybox":true,"showFlares":true,"showImageEffects":true,"showParticleSystems":true,"showVisualEffectGraphs":true,"m_FxEnabled":true},"in2DMode":false,"pivot":{"x":-4.1027750968933109,"y":4.50209379196167,"z":14.152109146118164},"rotation":{"x":-0.013659047894179821,"y":-0.05897190049290657,"z":0.0018953619292005897,"w":0.999666690826416},"size":2.5958783626556398,"orthographic":false}