{"cameraMode":{"drawMode":0,"name":"Shaded","section":"Shading Mode"},"sceneLighting":true,"audioPlay":false,"sceneViewState":{"m_AlwaysRefresh":false,"showFog":true,"showSkybox":true,"showFlares":true,"showImageEffects":true,"showParticleSystems":true,"showVisualEffectGraphs":true,"m_FxEnabled":true},"in2DMode":false,"pivot":{"x":2.567305326461792,"y":9.543253898620606,"z":-6.6575422286987309},"rotation":{"x":0.005320033989846706,"y":0.9989830255508423,"z":-0.00038454655441455543,"w":-0.07358837872743607},"size":1.8054728507995606,"orthographic":false}