{"cameraMode":{"drawMode":0,"name":"Shaded","section":"Shading Mode"},"sceneLighting":true,"audioPlay":false,"sceneViewState":{"m_AlwaysRefresh":false,"showFog":true,"showSkybox":true,"showFlares":true,"showImageEffects":true,"showParticleSystems":true,"showVisualEffectGraphs":true,"m_FxEnabled":true},"in2DMode":false,"pivot":{"x":1.910069227218628,"y":3.6358067989349367,"z":16.87921142578125},"rotation":{"x":0.10907485336065293,"y":0.09781084209680557,"z":-0.008853096514940262,"w":0.9904546737670898},"size":7.407623291015625,"orthographic":false}