{"cameraMode":{"drawMode":0,"name":"Shaded","section":"Shading Mode"},"sceneLighting":true,"audioPlay":false,"sceneViewState":{"m_AlwaysRefresh":false,"showFog":true,"showSkybox":true,"showFlares":true,"showImageEffects":true,"showParticleSystems":true,"showVisualEffectGraphs":true,"m_FxEnabled":true},"in2DMode":false,"pivot":{"x":-2.8522772789001467,"y":3.953225612640381,"z":14.617559432983399},"rotation":{"x":0.05404994264245033,"y":-0.0011126890312880278,"z":-0.0010412008268758655,"w":1.000681757926941},"size":2.787080764770508,"orthographic":false}